{
    "0-71": {
        "male": {
            "initial": {
                "HX": 2.989299110030453,
                "HY": 2.969939660134106,
                "HZ": 3.0832587390397155,
                "HXY": 2.9986145029612397,
                "HYZ": 3.09053297775762,
                "HXZ": 3.093690928364847,
                "HXYZ": 3.099219493858746,
                "MIXY": 2.9606242672033196,
                "MIYZ": 2.962665421416202,
                "MIXZ": 2.9788669207053218,
                "MIXYZ": 2.958878593979314
            },
            "consonant": {
                "HX": 3.2980538261105057,
                "HY": 3.272397711501458,
                "HZ": 3.397963035085173,
                "HXY": 3.3165601525658293,
                "HYZ": 3.4079089325318614,
                "HXZ": 3.419407117508527,
                "HXYZ": 3.4267573430306815,
                "MIXY": 3.2538913850461344,
                "MIYZ": 3.26245181405477,
                "MIXZ": 3.276609743687152,
                "MIXYZ": 3.2512957131216007
            },
            "tone": {
                "HX": 1.7063145154615849,
                "HY": 1.5873122259345531,
                "HZ": 1.7268173644817757,
                "HXY": 1.7667311486613164,
                "HYZ": 1.779187183527254,
                "HXZ": 1.863295764998416,
                "HXYZ": 1.9075246903627276,
                "MIXY": 1.5268955927348213,
                "MIYZ": 1.534942406889075,
                "MIXZ": 1.5698361149449445,
                "MIXYZ": 1.5187546990536551
            }
        },
        "female": {
            "initial": {
                "HX": 3.0009510723191193,
                "HY": 2.976378180535162,
                "HZ": 3.072517458962935,
                "HXY": 3.007974097308144,
                "HYZ": 3.075938198943124,
                "HXZ": 3.084156426422351,
                "HXYZ": 3.087293844249577,
                "MIXY": 2.969355155546137,
                "MIYZ": 2.9729574405549735,
                "MIXZ": 2.989312104859704,
                "MIXYZ": 2.969071833393175
            },
            "consonant": {
                "HX": 3.304466080877374,
                "HY": 3.2752235668600056,
                "HZ": 3.3865675044955394,
                "HXY": 3.316358659638044,
                "HYZ": 3.393088856452569,
                "HXZ": 3.4120928101787933,
                "HXYZ": 3.41564059956663,
                "MIXY": 3.2633309880993355,
                "MIYZ": 3.268702214902976,
                "MIXZ": 3.2789407751941195,
                "MIXYZ": 3.260357425530142
            },
            "tone": {
                "HX": 1.759358537806513,
                "HY": 1.602787074730261,
                "HZ": 1.7754338423088196,
                "HXY": 1.8195888415666428,
                "HYZ": 1.835419218677235,
                "HXZ": 1.9032821697585538,
                "HXYZ": 1.9484396979353027,
                "MIXY": 1.5425567709701313,
                "MIYZ": 1.5428016983618458,
                "MIXZ": 1.631510210356779,
                "MIXYZ": 1.527728922778465
            }
        },
        "both": {
            "initial": {
                "HX": 2.99803387478084,
                "HY": 2.9755035123080438,
                "HZ": 3.083688133527318,
                "HXY": 3.007453054726787,
                "HYZ": 3.0898187205331014,
                "HXZ": 3.0969918636978844,
                "HXYZ": 3.1019729294858727,
                "MIXY": 2.9660843323620965,
                "MIYZ": 2.9693729253022605,
                "MIXZ": 2.984730144610274,
                "MIXYZ": 2.964934811144302
            },
            "consonant": {
                "HX": 3.3060943683378006,
                "HY": 3.277574829199913,
                "HZ": 3.4003896699340097,
                "HXY": 3.3231786657133706,
                "HYZ": 3.4110546727415043,
                "HXZ": 3.4271684010825845,
                "HXYZ": 3.434865944837502,
                "MIXY": 3.260490531824343,
                "MIYZ": 3.266909826392419,
                "MIXZ": 3.279315637189226,
                "MIXYZ": 3.2575230727717663
            },
            "tone": {
                "HX": 1.7347948541380838,
                "HY": 1.597377819449369,
                "HZ": 1.7543272723354557,
                "HXY": 1.800391170482344,
                "HYZ": 1.816040329117161,
                "HXZ": 1.8904065184211951,
                "HXYZ": 1.941856747365726,
                "MIXY": 1.5317815031051087,
                "MIYZ": 1.535664762667664,
                "MIXZ": 1.5987156080523444,
                "MIXYZ": 1.5215186752679344
            }
        }
    },
    "72-1200": {
        "male": {
            "initial": {
                "HX": 3.0101642626874647,
                "HY": 2.9852015281952355,
                "HZ": 3.1335991912936234,
                "HXY": 3.019092050666565,
                "HYZ": 3.1409888994329425,
                "HXZ": 3.1522070112067557,
                "HXYZ": 3.157470983594672,
                "MIXY": 2.976273740216136,
                "MIYZ": 2.9778118200559165,
                "MIXZ": 2.991556442774333,
                "MIXYZ": 2.974148004464733
            },
            "consonant": {
                "HX": 3.272288356469987,
                "HY": 3.252102035550377,
                "HZ": 3.36238467854091,
                "HXY": 3.280795954430562,
                "HYZ": 3.369823491312681,
                "HXZ": 3.38026724723127,
                "HXYZ": 3.3853938531810885,
                "MIXY": 3.243594437589802,
                "MIYZ": 3.2446632227786063,
                "MIXZ": 3.2544057877796266,
                "MIXYZ": 3.2412822307678493
            },
            "tone": {
                "HX": 1.6711090574647125,
                "HY": 1.5140876699539638,
                "HZ": 1.663403757932734,
                "HXY": 1.702902353360408,
                "HYZ": 1.6934763191366333,
                "HXZ": 1.7962292328121776,
                "HXYZ": 1.8227176191875418,
                "MIXY": 1.4822943740582681,
                "MIYZ": 1.4840151087500646,
                "MIXZ": 1.538283582585269,
                "MIXYZ": 1.4787101992297333
            }
        },
        "female": {
            "initial": {
                "HX": 2.9658321662613463,
                "HY": 2.953702428977576,
                "HZ": 3.0311908056584027,
                "HXY": 2.9658321662613463,
                "HYZ": 3.0311908056584027,
                "HXZ": 3.035845059539076,
                "HXYZ": 3.035845059539076,
                "MIXY": 2.953702428977576,
                "MIYZ": 2.953702428977576,
                "MIXZ": 2.961177912380673,
                "MIXYZ": 2.953702428977576
            },
            "consonant": {
                "HX": 3.2454294711038645,
                "HY": 3.229865840938966,
                "HZ": 3.2962289392384387,
                "HXY": 3.256280959310603,
                "HYZ": 3.3060271054118893,
                "HXZ": 3.3119461796115375,
                "HXYZ": 3.318952303277803,
                "MIXY": 3.219014352732228,
                "MIYZ": 3.2200676747655157,
                "MIXZ": 3.229712230730766,
                "MIXYZ": 3.216222310225043
            },
            "tone": {
                "HX": 1.6057930619287222,
                "HY": 1.540553809567409,
                "HZ": 1.6338041367114005,
                "HXY": 1.654540119745685,
                "HYZ": 1.655838670491375,
                "HXZ": 1.7088848973680992,
                "HXYZ": 1.7258968497549994,
                "MIXY": 1.491806751750446,
                "MIYZ": 1.5185192757874346,
                "MIXZ": 1.5307123012720234,
                "MIXYZ": 1.4867841703573716
            }
        },
        "both": {
            "initial": {
                "HX": 2.9930949171405787,
                "HY": 2.9723692082195803,
                "HZ": 3.0938522132754644,