{
    "0-71": {
        "male": {
            "initial": {
                "HX": 2.961956519317346,
                "HY": 2.87235897334286,
                "HZ": 3.378296244140477,
                "HXY": 3.012255845519133,
                "HYZ": 3.4147113763709496,
                "HXZ": 3.430723635368861,
                "HXYZ": 3.459097493530959,
                "MIXY": 2.8220596471410726,
                "MIYZ": 2.835943841112387,
                "MIXZ": 2.9095291280889612,
                "MIXYZ": 2.8140183730726975
            },
            "consonant": {
                "HX": 3.357328613505863,
                "HY": 3.2626291592039065,
                "HZ": 3.772420583827618,
                "HXY": 3.4480017955108884,
                "HYZ": 3.8217405900743695,
                "HXZ": 3.874071129407712,
                "HXYZ": 3.9108734536385734,
                "MIXY": 3.171955977198881,
                "MIYZ": 3.213309152957155,
                "MIXZ": 3.255678067925769,
                "MIXYZ": 3.1594382951829916
            },
            "tone": {
                "HX": 2.265193174679489,
                "HY": 1.7705375640399315,
                "HZ": 2.059726573321812,
                "HXY": 2.5182005674758083,
                "HYZ": 2.297031798393921,
                "HXZ": 2.6783887842657235,
                "HXYZ": 2.8657949082963508,
                "MIXY": 1.5175301712436124,
                "MIYZ": 1.5332323389678233,
                "MIXZ": 1.646530963735578,
                "MIXYZ": 1.4676310702021316
            }
        },
        "female": {
            "initial": {
                "HX": 2.9618908511837483,
                "HY": 2.823755494130955,
                "HZ": 3.286442854489676,
                "HXY": 2.9911736767146078,
                "HYZ": 3.3028176229276056,
                "HXZ": 3.356793998987029,
                "HXYZ": 3.3701676080620637,
                "MIXY": 2.7944726686000956,
                "MIYZ": 2.807380725693026,
                "MIXZ": 2.8915397066863955,
                "MIXYZ": 2.7914715092372004
            },
            "consonant": {
                "HX": 3.375860408077708,
                "HY": 3.2244538342711353,
                "HZ": 3.7340112730544184,
                "HXY": 3.4306995148528743,
                "HYZ": 3.758470047294398,
                "HXZ": 3.870415084742395,
                "HXYZ": 3.8840136693474885,
                "MIXY": 3.169614727495969,
                "MIYZ": 3.199995060031156,
                "MIXZ": 3.2394565963897315,
                "MIXYZ": 3.158754537861083
            },
            "tone": {
                "HX": 2.3875707725810638,
                "HY": 1.7921832467994534,
                "HZ": 2.298196519658394,
                "HXY": 2.652850757674971,
                "HYZ": 2.5813290786086545,
                "HXZ": 2.946539531950706,
                "HXYZ": 3.144506913739604,
                "MIXY": 1.5269032617055458,
                "MIYZ": 1.509050687849193,
                "MIXZ": 1.7392277602887516,
                "MIXYZ": 1.4417380845441832
            }
        },
        "both": {
            "initial": {
                "HX": 2.989052991791128,
                "HY": 2.8697770016599704,
                "HZ": 3.3890109057099607,
                "HXY": 3.0373816076150315,
                "HYZ": 3.4206320738095055,
                "HXZ": 3.4660793511633234,
                "HXYZ": 3.4914271758208058,
                "MIXY": 2.821448385836067,
                "MIYZ": 2.8381558335604256,
                "MIXZ": 2.911984546337765,
                "MIXYZ": 2.8151750423940047
            },
            "consonant": {
                "HX": 3.4133036885659336,
                "HY": 3.278745275520383,
                "HZ": 3.820583471039203,
                "HXY": 3.4971705958458372,
                "HYZ": 3.8741198495905613,
                "HXZ": 3.9690666459762114,
                "HXYZ": 4.006004368083056,
                "MIXY": 3.1948783682404795,
                "MIYZ": 3.2252088969690247,
                "MIXZ": 3.2648205136289246,
                "MIXYZ": 3.178279711795966
            },
            "tone": {
                "HX": 2.3422546767761494,
                "HY": 1.8061531590034918,
                "HZ": 2.1931960099377115,
                "HXY": 2.6383200447166746,
                "HYZ": 2.4973999304029024,
                "HXZ": 2.8590097922040987,
                "HXYZ": 3.093581505152068,
                "MIXY": 1.5100877910629664,
                "MIYZ": 1.501949238538301,
                "MIXZ": 1.6764408945097622,
                "MIXYZ": 1.440455583545745
            }
        }
    },
    "72-1200": {
        "male": {
            "initial": {
                "HX": 2.969375834992753,
                "HY": 2.817710655705011,
                "HZ": 3.50543177128348,
                "HXY": 3.0056823591305237,
                "HYZ": 3.5293093827973534,
                "HXZ": 3.6114004257994368,
                "HXYZ": 3.626001348558667,
                "MIXY": 2.7814041315672404,
                "MIYZ": 2.7938330441911376,
                "MIXZ": 2.8634071804767958,
                "MIXYZ": 2.7721274428125966
            },
            "consonant": {
                "HX": 3.334111856442816,
                "HY": 3.239031341863996,
                "HZ": 3.7337036807507813,
                "HXY": 3.3792023989394577,
                "HYZ": 3.769125668024194,
                "HXZ": 3.8333367339978595,
                "HXYZ": 3.8574685522620062,
                "MIXY": 3.1939407993673536,
                "MIYZ": 3.2036093545905833,
                "MIXZ": 3.234478803195737,
                "MIXYZ": 3.1826506303580877
            },
            "tone": {
                "HX": 2.2885908764315532,
                "HY": 1.6277547582478904,
                "HZ": 2.1937074509149666,
                "HXY": 2.4250244276958934,
                "HYZ": 2.336087480142544,
                "HXZ": 2.8493711024596333,
                "HXYZ": 2.9602191196057537,
                "MIXY": 1.4913212069835502,
                "MIYZ": 1.485374729020313,
                "MIXZ": 1.6329272248868865,
                "MIXYZ": 1.4597891949020931
            }
        },
        "female": {
            "initial": {
                "HX": 2.76108323027286,
                "HY": 2.6770535877821198,
                "HZ": 3.1167910315532343,
                "HXY": 2.76108323027286,
                "HYZ": 3.1167910315532343,
                "HXZ": 3.159826279237607,
                "HXYZ": 3.159826279237607,
                "MIXY": 2.6770535877821198,
                "MIYZ": 2.6770535877821198,
                "MIXZ": 2.718047982588487,
                "MIXYZ": 2.6770535877821198
            },
            "consonant": {
                "HX": 3.142280963657925,
                "HY": 3.031429726706343,
                "HZ": 3.4198356793663836,
                "HXY": 3.2203503550598374,
                "HYZ": 3.484262351679381,
                "HXZ": 3.556579096440679,
                "HXYZ": 3.6033604941017043,
                "MIXY": 2.9533603353044304,
                "MIYZ": 2.9670030543933454,
                "MIXZ": 3.0055375465836294,
                "MIXYZ": 2.9357150606524587
            },
            "tone": {
                "HX": 2.33609577172908,
                "HY": 1.9700711551134815,
                "HZ": 2.3471162912447445,
                "HXY": 2.6690723323722563,
                "HYZ": 2.5308928350274678,
                "HXZ": 2.9202563071227123,
                "HXYZ": 3.0447612166117923,
                "MIXY": 1.637094594470305,
                "MIYZ": 1.7862946113307583,
                "MIXZ": 1.7629557558511122,
                "MIXYZ": 1.577822960176662
            }
        },
        "both": {
            "initial": {
                "HX": 2.9411046581485847,
                "HY": 2.7999571408541315,